CREATE TABLE Customers (
    customer_id VARCHAR(10) PRIMARY KEY,
    customer_name VARCHAR(100) NOT NULL,
    customer_email VARCHAR(100) NOT NULL,
    customer_city VARCHAR(50) NOT NULL
);

CREATE TABLE Products (
    product_id VARCHAR(10) PRIMARY KEY,
    product_name VARCHAR(100) NOT NULL,
    category VARCHAR(50) NOT NULL,
    unit_price DECIMAL(10,2) NOT NULL
);

CREATE TABLE Sales_Reps (
    sales_rep_id VARCHAR(10) PRIMARY KEY,
    sales_rep_name VARCHAR(100) NOT NULL,
    sales_rep_email VARCHAR(100) NOT NULL,
    office_address TEXT NOT NULL
);

CREATE TABLE Orders (
    order_id VARCHAR(10) PRIMARY KEY,
    customer_id VARCHAR(10) NOT NULL,
    product_id VARCHAR(10) NOT NULL,
    sales_rep_id VARCHAR(10) NOT NULL,
    quantity INT NOT NULL,
    order_date DATE NOT NULL,
    
    FOREIGN KEY (customer_id) REFERENCES Customers(customer_id),
    FOREIGN KEY (product_id) REFERENCES Products(product_id),
    FOREIGN KEY (sales_rep_id) REFERENCES Sales_Reps(sales_rep_id)
);

INSERT INTO Customers VALUES
('C001','Rohan Mehta','rohan@gmail.com','Mumbai'),
('C002','Priya Sharma','priya@gmail.com','Delhi'),
('C003','Amit Verma','amit@gmail.com','Bangalore'),
('C004','Sneha Iyer','sneha@gmail.com','Chennai'),
('C005','Vikram Singh','vikram@gmail.com','Mumbai');

INSERT INTO Products VALUES
('P001','Laptop','Electronics',55000),
('P002','Mouse','Electronics',800),
('P003','Desk Chair','Furniture',8500),
('P004','Notebook','Stationery',120),
('P005','Headphones','Electronics',3200);

INSERT INTO Sales_Reps VALUES
('SR01','Deepak Joshi','deepak@corp.com','Mumbai HQ, Nariman Point, Mumbai - 400021'),
('SR02','Anita Desai','anita@corp.com','Delhi Office, Connaught Place, New Delhi - 110001'),
('SR03','Ravi Kumar','ravi@corp.com','South Zone, MG Road, Bangalore - 560001');

INSERT INTO Orders VALUES
('ORD1000','C002','P001','SR03',2,'2023-05-21'),
('ORD1001','C004','P002','SR03',5,'2023-02-22'),
('ORD1002','C002','P005','SR02',1,'2023-01-17'),
('ORD1003','C002','P002','SR01',5,'2023-09-16'),
('ORD1004','C001','P005','SR01',5,'2023-11-29');